Tissue,Serotype,Route,qPCR_Score,Luciferase_Score,Expression_Efficiency
Heart,AAV1,Systemic,3.170542635658915,-0.7605633802816906,-0.2398842935362789
Heart,AAV1,Local,5.164383561643835,2.377689858149184,0.46040148446920537
Heart,AAV2,Systemic,3.596899224806201,-1.71830985915493,-0.47771976687712503
Heart,AAV2,Local,5.739726027397261,2.698951150171839,0.47022299275070223
Heart,AAV3,Systemic,2.976744186046512,-1.098591549295774,-0.36905809859154903
Heart,AAV3,Local,3.575342465753424,1.344235037374089,0.3759737843996495
Heart,AAV4,Systemic,4.7984496124031,0.3849765258215962,0.08022935675441989
Heart,AAV4,Local,4.691780821917807,2.106792657308917,0.44903901893007586
Heart,AAV5,Local,3.315068493150684,1.1653664293826402,0.35153615431790397
Heart,AAV6,Systemic,4.992248062015504,0.8356807511737089,0.1673956784183361
Heart,AAV6,Local,6.486301369863012,3.9198479798692083,0.6043271436757176
Heart,AAV7,Systemic,3.635658914728682,0.291079812206573,0.08006246433826848
Heart,AAV7,Local,4.897260273972602,2.2586494852247996,0.4612067480319172
Heart,AAV8,Systemic,3.829457364341085,0.6291079812206578,0.16428123396247948
Heart,AAV8,Local,4.95890410958904,2.4683006851297886,0.4977512431339078
Heart,AAV9,Systemic,5.4378503414036485,1.5954826328487586,0.293403189253076
Heart,AAV9,Local,4.962874998051401,2.7950233263082462,0.5631863239363616
Heart,AAVMYO,Systemic,4.574807486847495,2.920818753952375,0.6384571946141311
Heart,AAVMYO,Local,4.236304666027326,2.744328876711845,0.6478119712965287
Heart,MYOAAV2A,Systemic,5.921170267109487,3.657577319177794,0.6177118971725328
Heart,MYOAAV2A,Local,5.539269161468507,4.026328938722349,0.7268700655909155
Heart,MYOAAV4A,Systemic,5.542622803476093,3.055857817464999,0.5513378640069999
Heart,MYOAAV4A,Local,5.5070845374878,3.273001272063738,0.5943255909336018
Liver,AAV1,Systemic,3.153846153846155,-0.5915492957746473,-0.1875644108553759
Liver,AAV1,Local,3.730627306273062,0.6892049376851055,0.18474237202043878
Liver,AAV2,Systemic,3.76923076923077,-0.2347417840375581,-0.0622784324997603
Liver,AAV2,Local,4.542435424354243,1.5893081154105952,0.3498801781285714
Liver,AAV3,Local,3.38929889298893,0.27454182409311145,0.08100254145806554
Liver,AAV4,Systemic,3.115384615384614,-1.136150234741784,-0.3646901988060049
Liver,AAV4,Local,2.780442804428044,0.44767256289016255,0.16100765035598416
Liver,AAV5,Systemic,3.615384615384615,-0.3661971830985918,-0.10128858255918498
Liver,AAV5,Local,3.094095940959408,0.16278327481646948,0.05261093318457156
Liver,AAV6,Systemic,4.76923076923077,0.1596244131455388,0.03346963501438716
Liver,AAV6,Local,3.776752767527675,1.1473956902886746,0.303804818825824
Liver,AAV7,Systemic,6.423076923076923,1.28638497652582,0.20027550532737315
Liver,AAV7,Local,4.82841328413284,2.3373837394873767,0.4840894103179818
Liver,AAV8,Systemic,5.153846153846154,-0.1220657276995306,-0.023684394926774592
Liver,AAV8,Local,4.53321033210332,1.8956643086721248,0.41817259067980944
Liver,AAV9,Systemic,6.282214281028782,1.6140061182331955,0.2569167567408866
Liver,AAV9,Local,5.002793414989673,1.5915068307845213,0.3181236358902912
Liver,AAVMYO,Systemic,3.953003437323776,1.28612294938564,0.3253533597371113
Liver,MYOAAV2A,Systemic,4.651973441659794,1.543687251268533,0.33183492352822963
Liver,MYOAAV2A,Local,4.154363100666316,0.4186694935307814,0.10077826212726355
Liver,MYOAAV4A,Systemic,5.714513016388201,1.776817011294578,0.3109306088198565
Liver,MYOAAV4A,Local,4.605548693335022,-0.5740312677277216,-0.124639061694959
Lung,AAV4,Systemic,6.692307692307693,0.1220657276995284,0.018239706437860565
Lung,AAV4,Local,4.397435897435897,-0.8215767634854795,-0.1868308674981557
Lung,AAV6,Systemic,3.807692307692307,-0.1596244131455401,-0.041921563048323666
Lung,AAV6,Local,4.727106227106227,-0.3817427385892125,-0.08075611595106935
Lung,AAV7,Systemic,3.538461538461537,-1.511737089201879,-0.4272300469483573
Lung,AAV7,Local,4.507326007326006,-1.078838174273859,-0.23935215081411101
Lung,AAV8,Systemic,5.0,-2.281690140845071,-0.4563380281690142
Lung,AAV9,Systemic,3.923076923076922,-0.4037558685446012,-0.1029181625701925
Lung,AAV9,Local,4.296703296703296,-1.858921161825727,-0.4326389404760645
Kidney,AAV4,Local,2.508226691042047,-2.058091286307054,-0.8205363947594452
Kidney,AAV5,Local,2.736745886654478,-1.95020746887967,-0.712600858702191
Kidney,AAV7,Local,1.740402193784277,-1.759336099585064,-1.0108790404128472
Skeletal Muscle,AAV1,Systemic,3.3361941675895146,-0.7699530516431939,-0.2307878417638697
Skeletal Muscle,AAV1,Local,2.851485148514851,-2.149377593360997,-0.753774781005072
Skeletal Muscle,AAV2,Systemic,3.497692875599851,-1.643192488262911,-0.469793245635126
Skeletal Muscle,AAV2,Local,2.594059405940593,-2.439834024896267,-0.940546704253905
Skeletal Muscle,AAV3,Systemic,3.314968623108157,-2.043818466353678,-0.6165423262550725
Skeletal Muscle,AAV3,Local,1.98019801980198,-2.20746887966805,-1.1147717842323654
Skeletal Muscle,AAV4,Systemic,4.13861203396087,-1.962441314553993,-0.4741786131317637
Skeletal Muscle,AAV4,Local,2.178217821782177,-1.975103734439837,-0.9067521689928347
Skeletal Muscle,AAV5,Systemic,3.4298634182355103,-1.661971830985915,-0.4845591874445294
Skeletal Muscle,AAV5,Local,1.92079207920792,-2.132780082987553,-1.1103648885656854
Skeletal Muscle,AAV6,Systemic,2.9315245478036163,-0.5164319248826293,-0.17616496688371763
Skeletal Muscle,AAV6,Local,2.653465346534652,-2.199170124481328,-0.8287917260172174
Skeletal Muscle,AAV7,Systemic,4.276116648209671,0.2660406885758999,0.062215489066998704
Skeletal Muscle,AAV7,Local,2.138613861386138,-1.95020746887967,-0.9119025664668831
Skeletal Muscle,AAV8,Systemic,4.2142857142857135,0.19718309859154923,0.046789209835282876
Skeletal Muscle,AAV8,Local,2.673267326732673,-1.966804979253112,-0.7357307514983864
Skeletal Muscle,AAV9,Systemic,4.349162238827314,1.6553003282129586,0.3806021107778415
Skeletal Muscle,AAV9,Local,3.0945374256948646,0.1538029316412699,0.04970142883527548
Skeletal Muscle,AAVMYO,Systemic,4.366812187067918,3.871681522740319,0.8866150768302099
Skeletal Muscle,AAVMYO,Local,3.771417867724675,3.879426068794149,1.0286386194417212
Skeletal Muscle,MYOAAV2A,Systemic,5.156862660751271,4.753327666658612,0.9217479656450905
Skeletal Muscle,MYOAAV2A,Local,5.154294257694489,4.578396073130168,0.888268275777115
Skeletal Muscle,MYOAAV4A,Systemic,4.917719655948501,5.091080469347331,1.0352522765687002
Skeletal Muscle,MYOAAV4A,Local,4.743389144124432,4.294399416764966,0.9053441086705646
Brain,AAV1,Local,2.394088669950737,-2.265560165975104,-0.9463142257056512
Brain,AAV2,Local,2.433497536945811,-2.572614107883818,-1.0571673358308005
Brain,AAV3,Local,1.665024630541871,-2.473029045643155,-1.4852807581821323
Brain,AAV5,Local,1.290640394088668,-2.356846473029046,-1.8261062367362486
Brain,AAV6,Local,2.374384236453201,-2.273858921161827,-0.9576625746801889
Brain,AAV7,Local,1.822660098522167,-1.90041493775934,-1.0426600874733678
Brain,AAV8,Systemic,4.1640625,-2.513761467889909,-0.6036800523262821
Brain,AAV8,Local,2.25615763546798,-2.564315352697095,-1.1365851890775336
Brain,AAV9,Systemic,4.75,-1.889908256880734,-0.39787542250120717
Brain,AAV9,Local,2.591133004926109,-1.692946058091287,-0.6533613113926449
Testes,AAV2,Local,2.199999999999999,-2.547717842323652,-1.1580535646925698
Testes,AAV3,Local,2.339999999999999,-2.199170124481328,-0.9398162925133884
Testes,AAV4,Local,2.32,-2.49792531120332,-1.0766919444841898
Testes,AAV5,Local,1.459999999999999,-2.547717842323652,-1.745012220769626
Testes,AAV6,Local,1.919999999999999,-2.49792531120332,-1.3010027662517298
Testes,AAV7,Local,1.74,-2.248962655601661,-1.292507273334288
Testes,AAV8,Local,1.9,-2.547717842323652,-1.3409041275387643
Testes,AAV9,Systemic,3.698412698412698,-1.136150234741784,-0.30719941969413045
Diaphragm,AAV9,Systemic,4.70127920945239,3.257564301882889,0.6929101967254426
Diaphragm,AAV9,Local,2.868327880732731,1.225779043244788,0.42734969439116405
Diaphragm,AAVMYO,Systemic,5.220191767515121,3.541103565386536,0.6783474100362691
Diaphragm,AAVMYO,Local,4.220510398844094,3.407924229578638,0.8074673220831287
Diaphragm,MYOAAV2A,Systemic,4.784825260902465,2.756961951313706,0.576188638243754
Diaphragm,MYOAAV2A,Local,5.179533673089098,3.23576326415139,0.6247209630015911
Diaphragm,MYOAAV4A,Systemic,4.714244186616756,4.714764271519251,1.0001103220117389
Diaphragm,MYOAAV4A,Local,4.855022188763405,3.19904045712665,0.658913663573072
